,train_rmse,test_rmse,train_r2,test_r2
Linear Regression,59.187910264365776,60.21540976842431,0.785806822248642,0.7754563881952163
Random Forest,1.4740244411125267,2.7660251941854113,0.9998671538446815,0.9995261971432571
XGBoost,4.729272425700581,7.169261430097844,0.9986324970104064,0.9968170175309644
ANN,8.735824130134837,9.020511766248378,0.9953339715218928,0.9949609604558023
